name,location_color,location,year_color,year
1-I8/TW/2008,#89cd3f,TWN,#f05c79,2008
2011-21186,#F0222B,CHN,#e91640,2011
2011-21282,#F0222B,CHN,#e91640,2011
2011-21286,#F0222B,CHN,#e91640,2011
2012-12225,#F0222B,CHN,#dc143c,2012
2013-0720-6,#F0222B,CHN,#d2143a,2013
2013-0825-6,#F0222B,CHN,#d2143a,2013
2013-1017-26,#F0222B,CHN,#d2143a,2013
2014-R0672,#F0222B,CHN,#bb1133,2014
2014-R1011,#F0222B,CHN,#bb1133,2014
2014-R1153,#F0222B,CHN,#bb1133,2014
2014-R1357,#F0222B,CHN,#bb1133,2014
2014-R970,#F0222B,CHN,#bb1133,2014
4310900947_RD2,#ffb732,NLD,#ee4466,2009
4310900947_RD3,#ffb732,NLD,#ee4466,2009
4310901348_RD2,#ffb732,NLD,#ee4466,2009
4310902042_RD2,#ffb732,NLD,#ee4466,2009
4310902042_RD3,#ffb732,NLD,#ee4466,2009
4310902284_RD2,#ffb732,NLD,#ee4466,2009
4311000670_tMK3RD1,#ffb732,NLD,#eb2d53,2010
4311000742_tMK3RD1,#ffb732,NLD,#eb2d53,2010
594-OsakaC-JPN-2015,#D3D3D3,JPN,#a30f2d,2015
639-OsakaC-JPN-2015,#D3D3D3,JPN,#a30f2d,2015
692-Osaka_City-JPN-2013,#D3D3D3,JPN,#d2143a,2013
705-Osaka_City-JPN-2013,#D3D3D3,JPN,#d2143a,2013
726-Osaka_City-JPN-2013,#D3D3D3,JPN,#d2143a,2013
727-Osaka_City-JPN-2013,#D3D3D3,JPN,#d2143a,2013
A184-OsakaC-JPN-2015,#D3D3D3,JPN,#a30f2d,2015
A241-OsakaC-JPN-2015,#D3D3D3,JPN,#a30f2d,2015
A244-OsakaC-JPN-2015,#D3D3D3,JPN,#a30f2d,2015
A250-OsakaC-JPN-2015,#D3D3D3,JPN,#a30f2d,2015
A252-OsakaC-JPN-2015,#D3D3D3,JPN,#a30f2d,2015
BCH4235A,#F0222B,CHN,#bb1133,2014
BCH824A,#F0222B,CHN,#f05c79,2008
BCH895A,#F0222B,CHN,#f05c79,2008
Beijing-R0132,#F0222B,CHN,#bb1133,2014
BJ24,#F0222B,CHN,#f05c79,2008
CA/AFP/11-1767,#698fda,USA,#d2143a,2013
CA/RESP/10-786,#698fda,USA,#d2143a,2013
CHN/CQ5508/2013,#F0222B,CHN,#d2143a,2013
CHN/CQ5571/2013,#F0222B,CHN,#d2143a,2013
CHN/CQ7170/2014,#F0222B,CHN,#bb1133,2014
CHN/CQ7174/2014,#F0222B,CHN,#bb1133,2014
CHN/CQ7188/2014,#F0222B,CHN,#bb1133,2014
CHN/CQ7208/2014,#F0222B,CHN,#bb1133,2014
CHN/CQ7214/2014,#F0222B,CHN,#bb1133,2014
CHN/CQ7225/2014,#F0222B,CHN,#bb1133,2014
CHN/CQ7226/2014,#F0222B,CHN,#bb1133,2014
CHN/CQ7233/2014,#F0222B,CHN,#bb1133,2014
CHN/CQ7280/2014,#F0222B,CHN,#bb1133,2014
CHN/CQ7360/2014,#F0222B,CHN,#bb1133,2014
CQ5313,#F0222B,CHN,#d2143a,2013
CU134,#E59D95,THA,#e91640,2011
CU171,#E59D95,THA,#e91640,2011
CU70,#E59D95,THA,#e91640,2011
CUHK-PAE01/15, #ff33a0,HKG,#a30f2d,2015
CUHK-PAE02/15, #ff33a0,HKG,#a30f2d,2015
CUHK-PAE03/15, #ff33a0,HKG,#a30f2d,2015
CUHK-PAE04/15, #ff33a0,HKG,#a30f2d,2015
CUHK-PAE05/15, #ff33a0,HKG,#a30f2d,2015
CUHK-PAE06/15, #ff33a0,HKG,#a30f2d,2015
CUHK-PAE07/15, #ff33a0,HKG,#a30f2d,2015
CUHK-PAE08/15, #ff33a0,HKG,#a30f2d,2015
EV-D68/environment/Gainesville/1/2015,#698fda,USA,#a30f2d,2015
EV-D68/Haiti/1/2014,#E7D752,HTI,#bb1133,2014
EV-D68/Homo_sapiens/USA/C2204/2003,#698fda,USA,#f8b9c6,2003
EV-D68/Homo_sapiens/USA/C2206/2003,#698fda,USA,#f8b9c6,2003
EV-D68/Homo_sapiens/USA/C2386/2003,#698fda,USA,#f8b9c6,2003
EV-D68/Homo_sapiens/USA/C2590/2000,#698fda,USA,#fde8ec,2000
EV-D68/Homo_sapiens/USA/C3256/2003,#698fda,USA,#f8b9c6,2003
EV-D68/Homo_sapiens/USA/C3486/2005,#698fda,USA,#f6a2b3,2005
EV-D68/Homo_sapiens/USA/C3578/2000,#698fda,USA,#fde8ec,2000
EV-D68/Homo_sapiens/USA/C3963/2000,#698fda,USA,#fde8ec,2000
EV-D68/Homo_sapiens/USA/C6261/2000,#698fda,USA,#fde8ec,2000
EV-D68/Homo_sapiens/USA/C6633/2000,#698fda,USA,#fde8ec,2000
EV-D68/Homo_sapiens/USA/C6832/2009,#698fda,USA,#ee4466,2009
EV-D68/Homo_sapiens/USA/C6840/2009,#698fda,USA,#ee4466,2009
EV-D68/Homo_sapiens/USA/C6944/2006,#698fda,USA,#f48aa0,2006
EV-D68/Homo_sapiens/USA/C7245/2011,#698fda,USA,#e91640,2011
EV-D68/Homo_sapiens/USA/C7396/2012,#698fda,USA,#dc143c,2012
EV-D68/Homo_sapiens/USA/C7413/2012,#698fda,USA,#dc143c,2012
EV-D68/Homo_sapiens/USA/C7714/2014,#698fda,USA,#bb1133,2014
EV-D68/Homo_sapiens/USA/C7715/2014,#698fda,USA,#bb1133,2014
EV-D68/Homo_sapiens/USA/C7716/2014,#698fda,USA,#bb1133,2014
EV-D68/Homo_sapiens/USA/C7720/2014,#698fda,USA,#bb1133,2014
EV-D68/Homo_sapiens/USA/C7721/2014,#698fda,USA,#bb1133,2014
EV-D68/Homo_sapiens/USA/C7722/2014,#698fda,USA,#bb1133,2014
EV-D68/Homo_sapiens/USA/C7723/2014,#698fda,USA,#bb1133,2014
EV-D68/Homo_sapiens/USA/C7729/2014,#698fda,USA,#bb1133,2014
EV-D68/Homo_sapiens/USA/C7730/2014,#698fda,USA,#bb1133,2014
EV-D68/Homo_sapiens/USA/C7731/2014,#698fda,USA,#bb1133,2014
EV-D68/Homo_sapiens/USA/C7732/2014,#698fda,USA,#bb1133,2014
EV-D68/Homo_sapiens/USA/C7733/2014,#698fda,USA,#bb1133,2014
EV-D68/Homo_sapiens/USA/C7743/2014,#698fda,USA,#bb1133,2014
EV-D68/Homo_sapiens/USA/C7745/2014,#698fda,USA,#bb1133,2014
EV-D68/Homo_sapiens/USA/C7787/2014,#698fda,USA,#bb1133,2014
EV-D68/Homo_sapiens/USA/C7788/2014,#698fda,USA,#bb1133,2014
EV-D68/Homo_sapiens/USA/C7789/2014,#698fda,USA,#bb1133,2014
EV-D68/Homo_sapiens/USA/C7791/2014,#698fda,USA,#bb1133,2014
EV-D68/Homo_sapiens/USA/C7793/2014,#698fda,USA,#bb1133,2014
EV-D68/Homo_sapiens/USA/MO61/2009,#698fda,USA,#ee4466,2009
EV-D68/Homo_sapiens/USA/MO62/2009,#698fda,USA,#ee4466,2009
EV-D68/Homo_sapiens/USA/MO63/2009,#698fda,USA,#ee4466,2009
EV-D68/Homo_sapiens/USA/MO64/2009,#698fda,USA,#ee4466,2009
EV-D68/Homo_sapiens/USA/MO65/2009,#698fda,USA,#ee4466,2009
EV-D68/Homo_sapiens/USA/MO66/2009,#698fda,USA,#ee4466,2009
EV-D68/Homo_sapiens/USA/MO67/2009,#698fda,USA,#ee4466,2009
EV-D68/Homo_sapiens/USA/MO68/2009,#698fda,USA,#ee4466,2009
EV-D68/Homo_sapiens/USA/MO69/2009,#698fda,USA,#ee4466,2009
EV-D68/Homo_sapiens/USA/MO70/2009,#698fda,USA,#ee4466,2009
EV-D68/Homo_sapiens/USA/MO71/2009,#698fda,USA,#ee4466,2009
EV-D68/Homo_sapiens/USA/MO72/2009,#698fda,USA,#ee4466,2009
EV-D68/Homo_sapiens/USA/MO73/2009,#698fda,USA,#ee4466,2009
EV-D68/Homo_sapiens/USA/MO74/2009,#698fda,USA,#ee4466,2009
EV-D68/Homo_sapiens/USA/MO75/2009,#698fda,USA,#ee4466,2009
EV-D68/Homo_sapiens/USA/MO76/2009,#698fda,USA,#ee4466,2009
EV-D68/Homo_sapiens/USA/MO77/2009,#698fda,USA,#ee4466,2009
EV-D68/Homo_sapiens/USA/MO78/2009,#698fda,USA,#ee4466,2009
EV-D68/Homo_sapiens/USA/MO79/2009,#698fda,USA,#ee4466,2009
EV-D68/Homo_sapiens/USA/MO80/2009,#698fda,USA,#ee4466,2009
EV-D68/Homo_sapiens/USA/MO81/2009,#698fda,USA,#ee4466,2009
EV-D68/Homo_sapiens/USA/MO82/2009,#698fda,USA,#ee4466,2009
EV-D68/Homo_sapiens/USA/MO83/2009,#698fda,USA,#ee4466,2009
EV-D68/Homo_sapiens/USA/MO84/2009,#698fda,USA,#ee4466,2009
EV-D68/Homo_sapiens/USA/MO85/2009,#698fda,USA,#ee4466,2009
EV-D68/Homo_sapiens/USA/MO86/2009,#698fda,USA,#ee4466,2009
EV-D68/Homo_sapiens/USA/MO87/2009,#698fda,USA,#ee4466,2009
EV-D68/Homo_sapiens/USA/MO88/2009,#698fda,USA,#ee4466,2009
EV-D68/Homo_sapiens/USA/MO89/2009,#698fda,USA,#ee4466,2009
EV-D68/Homo_sapiens/USA/MO90/2009,#698fda,USA,#ee4466,2009
EV-D68/Homo_sapiens/USA/MO91/2009,#698fda,USA,#ee4466,2009
EV-D68/Homo_sapiens/USA/MO92/2009,#698fda,USA,#ee4466,2009
EV-D68/Homo_sapiens/USA/MO93/2009,#698fda,USA,#ee4466,2009
EV-D68/Homo_sapiens/USA/MO94/2009,#698fda,USA,#ee4466,2009
EV-D68/Homo_sapiens/USA/O1261a/2012,#698fda,USA,#dc143c,2012
EV-D68/Homo_sapiens/USA/O1312a/2012,#698fda,USA,#dc143c,2012
EV-D68/Homo_sapiens/USA/O270a/2012,#698fda,USA,#dc143c,2012
EV-D68/Homo_sapiens/USA/O418a/2012,#698fda,USA,#dc143c,2012
EV-D68/Homo_sapiens/USA/O433a/2012,#698fda,USA,#dc143c,2012
EV-D68/Homo_sapiens/USA/O4413/2013,#698fda,USA,#d2143a,2013
EV-D68/Homo_sapiens/USA/O4415/2013,#698fda,USA,#d2143a,2013
EV-D68/Homo_sapiens/USA/O4417/2013,#698fda,USA,#d2143a,2013
EV-D68/Homo_sapiens/USA/O4444/2013,#698fda,USA,#d2143a,2013
EV-D68/Homo_sapiens/USA/O4445/2013,#698fda,USA,#d2143a,2013
EV-D68/Homo_sapiens/USA/O4446/2013,#698fda,USA,#d2143a,2013
EV-D68/Homo_sapiens/USA/O466a/2012,#698fda,USA,#dc143c,2012
EV-D68/Homo_sapiens/USA/O527a/2012,#698fda,USA,#dc143c,2012
EV-D68/Homo_sapiens/USA/O541a/2012,#698fda,USA,#dc143c,2012
EV-D68/Homo_sapiens/USA/O593a/2012,#698fda,USA,#dc143c,2012
EV-D68/Homo_sapiens/USA/O622a/2012,#698fda,USA,#dc143c,2012
EV-D68/Homo_sapiens/USA/O685a/2012,#698fda,USA,#dc143c,2012
EV-D68/Homo_sapiens/USA/O774a/2012,#698fda,USA,#dc143c,2012
EV-D68/Homo_sapiens/USA/O775a/2012,#698fda,USA,#dc143c,2012
EV-D68/Homo_sapiens/USA/O810a/2012,#698fda,USA,#dc143c,2012
EV-D68/Homo_sapiens/USA/O979a/2012,#698fda,USA,#dc143c,2012
EV-D68/Homo_sapiens/USA/O980a/2012,#698fda,USA,#dc143c,2012
EV-D68/Homo_sapiens/USA/SSENT01/2014,#698fda,USA,#bb1133,2014
EV-D68/Homo_sapiens/USA/SSENT02/2014,#698fda,USA,#bb1133,2014
EV-D68/Homo_sapiens/USA/SSENT03/2014,#698fda,USA,#bb1133,2014
EV-D68/Homo_sapiens/USA/SSENT04/2014,#698fda,USA,#bb1133,2014
EV-D68/Homo_sapiens/USA/SSENT05/2014,#698fda,USA,#bb1133,2014
EV-D68/Homo_sapiens/USA/SSENT06/2014,#698fda,USA,#bb1133,2014
EV-D68/Homo_sapiens/USA/SSENT07/2014,#698fda,USA,#bb1133,2014
EV-D68/Homo_sapiens/USA/SSENT08/2014,#698fda,USA,#bb1133,2014
EV-D68/Homo_sapiens/USA/SSENT09/2014,#698fda,USA,#bb1133,2014
EV-D68/Homo_sapiens/USA/SSENT11/2014,#698fda,USA,#bb1133,2014
EV-D68/Homo_sapiens/USA/SSENT12/2014,#698fda,USA,#bb1133,2014
EV-D68/Homo_sapiens/USA/SSENT14/2014,#698fda,USA,#bb1133,2014
EV-D68/Homo_sapiens/USA/SSENT16/2014,#698fda,USA,#bb1133,2014
EV-D68/Homo_sapiens/USA/SSENT17/2014,#698fda,USA,#bb1133,2014
EV-D68/Homo_sapiens/USA/SSENT18/2014,#698fda,USA,#bb1133,2014
EV-D68/Homo_sapiens/USA/SSENT19/2014,#698fda,USA,#bb1133,2014
EV-D68/Homo_sapiens/USA/SSENT20/2014,#698fda,USA,#bb1133,2014
EV-D68/Homo_sapiens/USA/SSENT21/2014,#698fda,USA,#bb1133,2014
EV-D68/Homo_sapiens/USA/SSENT22/2014,#698fda,USA,#bb1133,2014
EV-D68/Homo_sapiens/USA/SSENT23/2014,#698fda,USA,#bb1133,2014
EV-D68/Homo_sapiens/USA/SSENT24/2014,#698fda,USA,#bb1133,2014
EV-D68/Homo_sapiens/USA/SSENT25/2014,#698fda,USA,#bb1133,2014
EV-D68/Homo_sapiens/USA/SSENT27/2014,#698fda,USA,#bb1133,2014
EV-D68/Homo_sapiens/USA/SSENT28/2014,#698fda,USA,#bb1133,2014
EV-D68/Homo_sapiens/USA/SSENT29/2014,#698fda,USA,#bb1133,2014
EV-D68/Homo_sapiens/USA/SSENT30/2014,#698fda,USA,#bb1133,2014
EV-D68/Homo_sapiens/USA/SSENT31/2014,#698fda,USA,#bb1133,2014
EV-D68/Homo_sapiens/USA/SSENT32/2014,#698fda,USA,#bb1133,2014
EV-D68/Homo_sapiens/USA/SSENT33/2014,#698fda,USA,#bb1133,2014
EV-D68/Homo_sapiens/USA/SSENT35/2014,#698fda,USA,#bb1133,2014
EV-D68/Homo_sapiens/USA/SSENT36/2014,#698fda,USA,#bb1133,2014
EV-D68/Homo_sapiens/USA/SSENT37/2014,#698fda,USA,#bb1133,2014
EV-D68/Homo_sapiens/USA/SSENT38/2014,#698fda,USA,#bb1133,2014
EV-D68/Homo_sapiens/USA/SSENT39/2014,#698fda,USA,#bb1133,2014
EV-D68/Homo_sapiens/USA/U2215/2008,#698fda,USA,#f05c79,2008
EV-D68/Homo_sapiens/USA/U2221/2008,#698fda,USA,#f05c79,2008
EV-D68/Homo_sapiens/USA/U2704/2009,#698fda,USA,#ee4466,2009
EV-D68/Homo_sapiens/USA/U2705/2009,#698fda,USA,#ee4466,2009
EV-D68/Homo_sapiens/USA/U2737/2009,#698fda,USA,#ee4466,2009
EV-D68/Homo_sapiens/USA/U2752/2009,#698fda,USA,#ee4466,2009
EV-D68/Homo_sapiens/USA/U4470/2012,#698fda,USA,#dc143c,2012
EV-D68/Homo_sapiens/USA/U4486/2012,#698fda,USA,#dc143c,2012
EV-D68/Homo_sapiens/USA/U4489/2012,#698fda,USA,#dc143c,2012
EV-D68/Homo_sapiens/USA/U5282/2014,#698fda,USA,#bb1133,2014
EV-D68/Homo_sapiens/USA/U797/2007,#698fda,USA,#f2738c,2007
EV-D68/Homo_sapiens/USA/U807/2007,#698fda,USA,#f2738c,2007
EV-D68_STL_2014_12,#698fda,USA,#bb1133,2014
EV-D68_STL_2016_19,#698fda,USA,#5d091a,2016
EV-D68_STL_2016_20,#698fda,USA,#5d091a,2016
EV68/Ontario/C818710/2014,#60498F,CAN,#bb1133,2014
EV68_Alberta17390_2014,#60498F,CAN,#bb1133,2014
EV68_Alberta17789_2014,#60498F,CAN,#bb1133,2014
EV68_Alberta2985_2014,#60498F,CAN,#bb1133,2014
EVD68/Homo_sapiens/USA/MO1/2014,#698fda,USA,#bb1133,2014
EVD68/Homo_sapiens/USA/MO10/2014,#698fda,USA,#bb1133,2014
EVD68/Homo_sapiens/USA/MO11/2014,#698fda,USA,#bb1133,2014
EVD68/Homo_sapiens/USA/MO12/2014,#698fda,USA,#bb1133,2014
EVD68/Homo_sapiens/USA/MO13/2014,#698fda,USA,#bb1133,2014
EVD68/Homo_sapiens/USA/MO14/2014,#698fda,USA,#bb1133,2014
EVD68/Homo_sapiens/USA/MO15/2014,#698fda,USA,#bb1133,2014
EVD68/Homo_sapiens/USA/MO16/2014,#698fda,USA,#bb1133,2014
EVD68/Homo_sapiens/USA/MO17/2014,#698fda,USA,#bb1133,2014
EVD68/Homo_sapiens/USA/MO18/2014,#698fda,USA,#bb1133,2014
EVD68/Homo_sapiens/USA/MO19/2014,#698fda,USA,#bb1133,2014
EVD68/Homo_sapiens/USA/MO2/2014,#698fda,USA,#bb1133,2014
EVD68/Homo_sapiens/USA/MO20/2014,#698fda,USA,#bb1133,2014
EVD68/Homo_sapiens/USA/MO21/2014,#698fda,USA,#bb1133,2014
EVD68/Homo_sapiens/USA/MO22/2014,#698fda,USA,#bb1133,2014
EVD68/Homo_sapiens/USA/MO23/2014,#698fda,USA,#bb1133,2014
EVD68/Homo_sapiens/USA/MO24/2014,#698fda,USA,#bb1133,2014
EVD68/Homo_sapiens/USA/MO25/2014,#698fda,USA,#bb1133,2014
EVD68/Homo_sapiens/USA/MO26/2014,#698fda,USA,#bb1133,2014
EVD68/Homo_sapiens/USA/MO27/2014,#698fda,USA,#bb1133,2014
EVD68/Homo_sapiens/USA/MO28/2014,#698fda,USA,#bb1133,2014
EVD68/Homo_sapiens/USA/MO3/2014,#698fda,USA,#bb1133,2014
EVD68/Homo_sapiens/USA/MO30/2014,#698fda,USA,#bb1133,2014
EVD68/Homo_sapiens/USA/MO31/2014,#698fda,USA,#bb1133,2014
EVD68/Homo_sapiens/USA/MO32/2014,#698fda,USA,#bb1133,2014
EVD68/Homo_sapiens/USA/MO33/2014,#698fda,USA,#bb1133,2014
EVD68/Homo_sapiens/USA/MO34/2014,#698fda,USA,#bb1133,2014
EVD68/Homo_sapiens/USA/MO35/2014,#698fda,USA,#bb1133,2014
EVD68/Homo_sapiens/USA/MO36/2014,#698fda,USA,#bb1133,2014
EVD68/Homo_sapiens/USA/MO37/2014,#698fda,USA,#bb1133,2014
EVD68/Homo_sapiens/USA/MO38/2014,#698fda,USA,#bb1133,2014
EVD68/Homo_sapiens/USA/MO39/2014,#698fda,USA,#bb1133,2014
EVD68/Homo_sapiens/USA/MO4/2014,#698fda,USA,#bb1133,2014
EVD68/Homo_sapiens/USA/MO40/2014,#698fda,USA,#bb1133,2014
EVD68/Homo_sapiens/USA/MO41/2014,#698fda,USA,#bb1133,2014
EVD68/Homo_sapiens/USA/MO42/2014,#698fda,USA,#bb1133,2014
EVD68/Homo_sapiens/USA/MO43/2014,#698fda,USA,#bb1133,2014
EVD68/Homo_sapiens/USA/MO44/2014,#698fda,USA,#bb1133,2014
EVD68/Homo_sapiens/USA/MO45/2014,#698fda,USA,#bb1133,2014
EVD68/Homo_sapiens/USA/MO46/2014,#698fda,USA,#bb1133,2014
EVD68/Homo_sapiens/USA/MO47/2014,#698fda,USA,#bb1133,2014
EVD68/Homo_sapiens/USA/MO48/2014,#698fda,USA,#bb1133,2014
EVD68/Homo_sapiens/USA/MO49/2014,#698fda,USA,#bb1133,2014
EVD68/Homo_sapiens/USA/MO5/2014,#698fda,USA,#bb1133,2014
EVD68/Homo_sapiens/USA/MO50/2014,#698fda,USA,#bb1133,2014
EVD68/Homo_sapiens/USA/MO51/2014,#698fda,USA,#bb1133,2014
EVD68/Homo_sapiens/USA/MO53/2014,#698fda,USA,#bb1133,2014
EVD68/Homo_sapiens/USA/MO54/2014,#698fda,USA,#bb1133,2014
EVD68/Homo_sapiens/USA/MO56/2014,#698fda,USA,#bb1133,2014
EVD68/Homo_sapiens/USA/MO57/2014,#698fda,USA,#bb1133,2014
EVD68/Homo_sapiens/USA/MO58/2014,#698fda,USA,#bb1133,2014
EVD68/Homo_sapiens/USA/MO59/2014,#698fda,USA,#bb1133,2014
EVD68/Homo_sapiens/USA/MO6/2014,#698fda,USA,#bb1133,2014
EVD68/Homo_sapiens/USA/MO60/2014,#698fda,USA,#bb1133,2014
EVD68/Homo_sapiens/USA/MO7/2014,#698fda,USA,#bb1133,2014
EVD68/Homo_sapiens/USA/MO8/2014,#698fda,USA,#bb1133,2014
EVD68/Homo_sapiens/USA/MO9/2014,#698fda,USA,#bb1133,2014
EVD68/Homo_sapiens/USA/N0051U5/2012,#698fda,USA,#dc143c,2012
EVD68/Homo_sapiens/XXX/ATCC_VR-1197/XXXX,#698fda,USA,#fde8ec,1962
EVD68/SZ01/CHN/2015,#F0222B,CHN,#a30f2d,2015
EVD68/SZ02/CHN/2015,#F0222B,CHN,#a30f2d,2015
EVD68/SZ03/CHN/2015,#F0222B,CHN,#a30f2d,2015
EVD68/SZ04/CHN/2015,#F0222B,CHN,#a30f2d,2015
Fermon,#698fda,USA,#fde8ec,1962
JPOC10-290,#D3D3D3,JPN,#eb2d53,2010
JPOC10-378,#D3D3D3,JPN,#eb2d53,2010
JPOC10-396,#D3D3D3,JPN,#eb2d53,2010
JPOC10-404,#D3D3D3,JPN,#eb2d53,2010
MEX/DF/2014-InDRE2351,#087808,MEX,#bb1133,2014
MEX/DGO/2014-InDRE2271,#087808,MEX,#bb1133,2014
NY10_16,#698fda,USA,#5d091a,2016
NY120,#698fda,USA,#bb1133,2014
NY124,#698fda,USA,#bb1133,2014
NY126,#698fda,USA,#bb1133,2014
NY126_16,#698fda,USA,#5d091a,2016
NY130,#698fda,USA,#bb1133,2014
NY135_16,#698fda,USA,#5d091a,2016
NY141_16,#698fda,USA,#5d091a,2016
NY149_16,#698fda,USA,#5d091a,2016
NY151_16,#698fda,USA,#5d091a,2016
NY153,#698fda,USA,#bb1133,2014
NY160,#698fda,USA,#bb1133,2014
NY166_16,#698fda,USA,#5d091a,2016
NY172_16,#698fda,USA,#5d091a,2016
NY185_16,#698fda,USA,#5d091a,2016
NY188_16,#698fda,USA,#5d091a,2016
NY210,#698fda,USA,#bb1133,2014
NY212_16,#698fda,USA,#5d091a,2016
NY22_16,#698fda,USA,#5d091a,2016
NY230_16,#698fda,USA,#5d091a,2016
NY234_16,#698fda,USA,#5d091a,2016
NY241_16,#698fda,USA,#5d091a,2016
NY263,#698fda,USA,#bb1133,2014
NY275,#698fda,USA,#bb1133,2014
NY278,#698fda,USA,#bb1133,2014
NY29_16,#698fda,USA,#5d091a,2016
NY30_16,#698fda,USA,#5d091a,2016
NY305,#698fda,USA,#bb1133,2014
NY309,#698fda,USA,#bb1133,2014
NY314,#698fda,USA,#bb1133,2014
NY316,#698fda,USA,#bb1133,2014
NY326,#698fda,USA,#bb1133,2014
NY328,#698fda,USA,#bb1133,2014
NY329,#698fda,USA,#bb1133,2014
NY39_16,#698fda,USA,#5d091a,2016
NY43_16,#698fda,USA,#5d091a,2016
NY44_16,#698fda,USA,#5d091a,2016
Ny59_16,#698fda,USA,#5d091a,2016
NY73,#698fda,USA,#bb1133,2014
NY74,#698fda,USA,#bb1133,2014
NY75_16,#698fda,USA,#5d091a,2016
NY77,#698fda,USA,#bb1133,2014
NYC403,#698fda,USA,#ee4466,2009
NYS14_28173,#698fda,USA,#bb1133,2014
NYS14_30603,#698fda,USA,#bb1133,2014
NYS14_30609,#698fda,USA,#bb1133,2014
NYS14_30905,#698fda,USA,#bb1133,2014
NYS14_30917,#698fda,USA,#bb1133,2014
NYS14_31249,#698fda,USA,#bb1133,2014
NYS14_31590,#698fda,USA,#bb1133,2014
NYS14_32132,#698fda,USA,#bb1133,2014
NYS14_32368,#698fda,USA,#bb1133,2014
NZ-2010-541,#f9ee8d,NZL,#eb2d53,2010
T106/Ft_Jackson_South_Carolina_USA/2002,#698fda,USA,#fbd0d9,2002
TW-00785-2014,#89cd3f,TWN,#bb1133,2014
TW-00821-2014,#89cd3f,TWN,#bb1133,2014
TW-00880-2014,#89cd3f,TWN,#bb1133,2014
TW-00893-2014,#89cd3f,TWN,#bb1133,2014
TW-00898-2014,#89cd3f,TWN,#bb1133,2014
TW-00909-2014,#89cd3f,TWN,#bb1133,2014
TW-00928-2014,#89cd3f,TWN,#bb1133,2014
TW-00932-2014,#89cd3f,TWN,#bb1133,2014
TW-02512-2014,#89cd3f,TWN,#bb1133,2014
TW-02795-2014,#89cd3f,TWN,#bb1133,2014
TW-02809-2014,#89cd3f,TWN,#bb1133,2014
US/CA/14-4231,#698fda,USA,#bb1133,2014
US/CA/14-4232,#698fda,USA,#bb1133,2014
US/CA/14-6092,#698fda,USA,#bb1133,2014
US/CA/14-6100,#698fda,USA,#bb1133,2014
US/CA/14-6103SIB,#698fda,USA,#bb1133,2014
US/CO/14-94,#698fda,USA,#bb1133,2014
US/IL/14-18952,#698fda,USA,#bb1133,2014
US/KY/14-18951,#698fda,USA,#bb1133,2014
US/KY/14-18953,#698fda,USA,#bb1133,2014
US/MO/14-18947,#698fda,USA,#bb1133,2014
US/MO/14-18948,#698fda,USA,#bb1133,2014
US/MO/14-18949,#698fda,USA,#bb1133,2014
US/MO/14-18950,#698fda,USA,#bb1133,2014
USA/AL/2014-19169,#698fda,USA,#bb1133,2014
USA/AL/2014-19241,#698fda,USA,#bb1133,2014
USA/AR/2014-19227,#698fda,USA,#bb1133,2014
USA/CO/2014-19175,#698fda,USA,#bb1133,2014
USA/CO/2014-19189,#698fda,USA,#bb1133,2014
USA/CO/2014-19190,#698fda,USA,#bb1133,2014
USA/CO/2014-19244,#698fda,USA,#bb1133,2014
USA/CO/2014-19258,#698fda,USA,#bb1133,2014
USA/CT/2014-19180,#698fda,USA,#bb1133,2014
USA/CT/2014-19201,#698fda,USA,#bb1133,2014
USA/CT/2014-19202,#698fda,USA,#bb1133,2014
USA/CT/2014-19208,#698fda,USA,#bb1133,2014
USA/CT/2014-19230,#698fda,USA,#bb1133,2014
USA/CT/2014-19233,#698fda,USA,#bb1133,2014
USA/DC/2014-19264,#698fda,USA,#bb1133,2014
USA/DE/2014-19197,#698fda,USA,#bb1133,2014
USA/FL/2014-19070,#698fda,USA,#bb1133,2014
USA/FL/2016-19504,#698fda,USA,#5d091a,2016
USA/GA/2014-19200,#698fda,USA,#bb1133,2014
USA/GA/2014-19246,#698fda,USA,#bb1133,2014
USA/IA/2014-19171,#698fda,USA,#bb1133,2014
USA/IA/2014-19225,#698fda,USA,#bb1133,2014
USA/ID/2014-19068,#698fda,USA,#bb1133,2014
USA/ID/2014-19224,#698fda,USA,#bb1133,2014
USA/ID/2014-19256,#698fda,USA,#bb1133,2014
USA/IL/2014-19179,#698fda,USA,#bb1133,2014
USA/IL/2014-19199,#698fda,USA,#bb1133,2014
USA/KS/2014-19234,#698fda,USA,#bb1133,2014
USA/KY/2014-19167,#698fda,USA,#bb1133,2014
USA/KY/2014-19182,#698fda,USA,#bb1133,2014
USA/KY/2014-19209,#698fda,USA,#bb1133,2014
USA/KY/2014-19219,#698fda,USA,#bb1133,2014
USA/KY/2014-19236,#698fda,USA,#bb1133,2014
USA/LA/2014-19168,#698fda,USA,#bb1133,2014
USA/LA/2014-19191,#698fda,USA,#bb1133,2014
USA/LA/2014-19220,#698fda,USA,#bb1133,2014
USA/MA/2014-19048,#698fda,USA,#bb1133,2014
USA/MA/2014-19183,#698fda,USA,#bb1133,2014
USA/MA/2014-19232,#698fda,USA,#bb1133,2014
USA/MD/2014-19235,#698fda,USA,#bb1133,2014
USA/MI/2014-19198,#698fda,USA,#bb1133,2014
USA/MI/2014-19221,#698fda,USA,#bb1133,2014
USA/MI/2014-19238,#698fda,USA,#bb1133,2014
USA/MI/2014-19251,#698fda,USA,#bb1133,2014
USA/MO/2014-19166,#698fda,USA,#bb1133,2014
USA/MO/2014-19174,#698fda,USA,#bb1133,2014
USA/MS/2014-19052,#698fda,USA,#bb1133,2014
USA/MS/2014-19204,#698fda,USA,#bb1133,2014
USA/MS/2014-19243,#698fda,USA,#bb1133,2014
USA/MT/2014-19216,#698fda,USA,#bb1133,2014
USA/NC/2014-19064,#698fda,USA,#bb1133,2014
USA/NC/2014-19229,#698fda,USA,#bb1133,2014
USA/NC/2014-19248,#698fda,USA,#bb1133,2014
USA/NC/2014-19254,#698fda,USA,#bb1133,2014
USA/ND/2014-19205,#698fda,USA,#bb1133,2014
USA/ND/2014-19252,#698fda,USA,#bb1133,2014
USA/NE/2014-19206,#698fda,USA,#bb1133,2014
USA/NE/2014-19257,#698fda,USA,#bb1133,2014
USA/NJ/2014-19212,#698fda,USA,#bb1133,2014
USA/NJ/2014-19250,#698fda,USA,#bb1133,2014
USA/NJ/2014-19262,#698fda,USA,#bb1133,2014
USA/NY/2016-19505,#698fda,USA,#5d091a,2016
USA/OH/2014-19192,#698fda,USA,#bb1133,2014
USA/OH/2014-19223,#698fda,USA,#bb1133,2014
USA/OH/2014-19240,#698fda,USA,#bb1133,2014
USA/OK/2014-19170,#698fda,USA,#bb1133,2014
USA/OK/2014-19247,#698fda,USA,#bb1133,2014
USA/OR/2014-19073,#698fda,USA,#bb1133,2014
USA/PA/2014-19035,#698fda,USA,#bb1133,2014
USA/PA/2014-19177,#698fda,USA,#bb1133,2014
USA/PA/2014-19263,#698fda,USA,#bb1133,2014
USA/RI/2014-19203,#698fda,USA,#bb1133,2014
USA/RI/2014-19213,#698fda,USA,#bb1133,2014
USA/RI/2014-19214,#698fda,USA,#bb1133,2014
USA/SC/2014-19196,#698fda,USA,#bb1133,2014
USA/SC/2014-19215,#698fda,USA,#bb1133,2014
USA/SC/2014-19239,#698fda,USA,#bb1133,2014
USA/SD/2014-19193,#698fda,USA,#bb1133,2014
USA/SD/2014-19194,#698fda,USA,#bb1133,2014
USA/SD/2014-19207,#698fda,USA,#bb1133,2014
USA/SD/2014-19249,#698fda,USA,#bb1133,2014
USA/TN/2014-19260,#698fda,USA,#bb1133,2014
USA/TX/2014-19185,#698fda,USA,#bb1133,2014
USA/TX/2014-19228,#698fda,USA,#bb1133,2014
USA/TX/2014-19261,#698fda,USA,#bb1133,2014
USA/TX/2016-19506,#698fda,USA,#5d091a,2016
USA/UT/2014-19195,#698fda,USA,#bb1133,2014
USA/VA/2014-19178,#698fda,USA,#bb1133,2014
USA/VA/2014-19181,#698fda,USA,#bb1133,2014
USA/VA/2014-19187,#698fda,USA,#bb1133,2014
USA/VA/2014-19218,#698fda,USA,#bb1133,2014
USA/VA/2014-19255,#698fda,USA,#bb1133,2014
USA/VT/2014-19245,#698fda,USA,#bb1133,2014
USA/VT/2014-19259,#698fda,USA,#bb1133,2014
USA/WA/2014-19060,#698fda,USA,#bb1133,2014
USA/WA/2014-19184,#698fda,USA,#bb1133,2014
USA/WA/2014-19210,#698fda,USA,#bb1133,2014
USA/WI/2014-19217,#698fda,USA,#bb1133,2014
USA/WI/2014-19222,#698fda,USA,#bb1133,2014
USA/WI/2014-19226,#698fda,USA,#bb1133,2014
USA/WV/2014-19242,#698fda,USA,#bb1133,2014
USA/WY/2014-19051,#698fda,USA,#bb1133,2014
USA/WY/2014-19253,#698fda,USA,#bb1133,2014
V12-2268728, #ff33a0,HKG,#dc143c,2012
V13-2245157, #ff33a0,HKG,#d2143a,2013
V14-8151546, #ff33a0,HKG,#bb1133,2014
37-99,#E89C96,FRA,#f6a2b3,2005